Entidade do Processo:;Processo:;Entidade do Contrato:;Contratação:;Fornecedor:;Item;Descrição do material;Qtd.Contrat.;Vl. Unitário;Vl. Licit.;Qtd. Solicitada;Vl. Solicit.;Vl. a Solicitar;Qtd. a Solicitar;Qtd. Recebida;Vl. Recebido;Qtd. Pendente;Vl. Pendente
PREFEITURA MUNICIPAL DE PITANGUEIRAS;2/2026;PREFEITURA MUNICIPAL DE PITANGUEIRAS;6/2026 (Sequencial 1422) - Saldo controlado por: Quantidade;VIAGOV LTDA  (CNPJ/CPF: 61.854.011/0001-23);1;CAMINHÃO TANQUE (PIPA) - DESCRIÇÃO CONFORME EDITAL. - CAMINHÃO TANQUE (PIPA) - DESCRIÇÃO CONFORME EDITAL. (UND);1;610.000,00;610.000,00;1;610.000,00;0,00;0;0;0,00;1;610.000,00
PREFEITURA MUNICIPAL DE PITANGUEIRAS;3/2026;PREFEITURA MUNICIPAL DE PITANGUEIRAS;19/2026 (Sequencial 1431) - Saldo controlado por: Quantidade;Y P RAIS SUPRIMENTOS  (CNPJ/CPF: 40.648.281/0001-08);1;EPSON L3110 - EPSON L3110 (HOR);200;117,00;23.400,00;0;0,00;23.400,00;200;0;0,00;200;23.400,00
PREFEITURA MUNICIPAL DE PITANGUEIRAS;3/2026;PREFEITURA MUNICIPAL DE PITANGUEIRAS;19/2026 (Sequencial 1431) - Saldo controlado por: Quantidade;Y P RAIS SUPRIMENTOS  (CNPJ/CPF: 40.648.281/0001-08);2;EPSON L3250 - EPSON L3250 (HOR);200;117,00;23.400,00;0;0,00;23.400,00;200;0;0,00;200;23.400,00
PREFEITURA MUNICIPAL DE PITANGUEIRAS;3/2026;PREFEITURA MUNICIPAL DE PITANGUEIRAS;19/2026 (Sequencial 1431) - Saldo controlado por: Quantidade;Y P RAIS SUPRIMENTOS  (CNPJ/CPF: 40.648.281/0001-08);3;EPSON L395 - EPSON L395 (HOR);200;117,00;23.400,00;0;0,00;23.400,00;200;0;0,00;200;23.400,00
PREFEITURA MUNICIPAL DE PITANGUEIRAS;3/2026;PREFEITURA MUNICIPAL DE PITANGUEIRAS;19/2026 (Sequencial 1431) - Saldo controlado por: Quantidade;Y P RAIS SUPRIMENTOS  (CNPJ/CPF: 40.648.281/0001-08);4;EPSON L4260 - EPSON L4260 (HOR);200;117,00;23.400,00;0;0,00;23.400,00;200;0;0,00;200;23.400,00
PREFEITURA MUNICIPAL DE PITANGUEIRAS;3/2026;PREFEITURA MUNICIPAL DE PITANGUEIRAS;19/2026 (Sequencial 1431) - Saldo controlado por: Quantidade;Y P RAIS SUPRIMENTOS  (CNPJ/CPF: 40.648.281/0001-08);5;EPSON L495 - EPSON L495 (UND);200;117,00;23.400,00;0;0,00;23.400,00;200;0;0,00;200;23.400,00
PREFEITURA MUNICIPAL DE PITANGUEIRAS;3/2026;PREFEITURA MUNICIPAL DE PITANGUEIRAS;19/2026 (Sequencial 1431) - Saldo controlado por: Quantidade;Y P RAIS SUPRIMENTOS  (CNPJ/CPF: 40.648.281/0001-08);6;EPSON L5590 - EPSON L5590 (HOR);200;117,00;23.400,00;0;0,00;23.400,00;200;0;0,00;200;23.400,00
PREFEITURA MUNICIPAL DE PITANGUEIRAS;3/2026;PREFEITURA MUNICIPAL DE PITANGUEIRAS;19/2026 (Sequencial 1431) - Saldo controlado por: Quantidade;Y P RAIS SUPRIMENTOS  (CNPJ/CPF: 40.648.281/0001-08);7;EPSON L3150 - EPSON L3150 (HOR);200;117,00;23.400,00;0;0,00;23.400,00;200;0;0,00;200;23.400,00
PREFEITURA MUNICIPAL DE PITANGUEIRAS;3/2026;PREFEITURA MUNICIPAL DE PITANGUEIRAS;19/2026 (Sequencial 1431) - Saldo controlado por: Quantidade;Y P RAIS SUPRIMENTOS  (CNPJ/CPF: 40.648.281/0001-08);8;HP MFP M428 FDW - HP MFP M428 FDW (HOR);200;117,00;23.400,00;0;0,00;23.400,00;200;0;0,00;200;23.400,00
PREFEITURA MUNICIPAL DE PITANGUEIRAS;3/2026;PREFEITURA MUNICIPAL DE PITANGUEIRAS;19/2026 (Sequencial 1431) - Saldo controlado por: Quantidade;Y P RAIS SUPRIMENTOS  (CNPJ/CPF: 40.648.281/0001-08);9;PAMTUM  M 6550 NW - PAMTUM  M 6550 NW (HOR);50;117,00;5.850,00;0;0,00;5.850,00;50;0;0,00;50;5.850,00
PREFEITURA MUNICIPAL DE PITANGUEIRAS;3/2026;PREFEITURA MUNICIPAL DE PITANGUEIRAS;19/2026 (Sequencial 1431) - Saldo controlado por: Quantidade;Y P RAIS SUPRIMENTOS  (CNPJ/CPF: 40.648.281/0001-08);10;BROTHER DCP-1617NW - BROTHER DCP-1617NW (HOR);50;117,00;5.850,00;0;0,00;5.850,00;50;0;0,00;50;5.850,00
PREFEITURA MUNICIPAL DE PITANGUEIRAS;3/2026;PREFEITURA MUNICIPAL DE PITANGUEIRAS;19/2026 (Sequencial 1431) - Saldo controlado por: Quantidade;Y P RAIS SUPRIMENTOS  (CNPJ/CPF: 40.648.281/0001-08);11;BROTHER HL 2320D - BROTHER HL 2320D (HOR);50;117,00;5.850,00;0;0,00;5.850,00;50;0;0,00;50;5.850,00
PREFEITURA MUNICIPAL DE PITANGUEIRAS;3/2026;PREFEITURA MUNICIPAL DE PITANGUEIRAS;19/2026 (Sequencial 1431) - Saldo controlado por: Quantidade;Y P RAIS SUPRIMENTOS  (CNPJ/CPF: 40.648.281/0001-08);12;HP LASER JET P1006 - HP LASER JET P1006 (HOR);200;117,00;23.400,00;0;0,00;23.400,00;200;0;0,00;200;23.400,00
PREFEITURA MUNICIPAL DE PITANGUEIRAS;3/2026;PREFEITURA MUNICIPAL DE PITANGUEIRAS;19/2026 (Sequencial 1431) - Saldo controlado por: Quantidade;Y P RAIS SUPRIMENTOS  (CNPJ/CPF: 40.648.281/0001-08);13;HP M1132 MFP H - HP M1132 MFP H (HOR);200;117,00;23.400,00;0;0,00;23.400,00;200;0;0,00;200;23.400,00
PREFEITURA MUNICIPAL DE PITANGUEIRAS;3/2026;PREFEITURA MUNICIPAL DE PITANGUEIRAS;19/2026 (Sequencial 1431) - Saldo controlado por: Quantidade;Y P RAIS SUPRIMENTOS  (CNPJ/CPF: 40.648.281/0001-08);14;HP MFP M127 FN - HP MFP M127 FN (HOR);200;117,00;23.400,00;0;0,00;23.400,00;200;0;0,00;200;23.400,00
PREFEITURA MUNICIPAL DE PITANGUEIRAS;3/2026;PREFEITURA MUNICIPAL DE PITANGUEIRAS;19/2026 (Sequencial 1431) - Saldo controlado por: Quantidade;Y P RAIS SUPRIMENTOS  (CNPJ/CPF: 40.648.281/0001-08);15;HP P1102 W - HP P1102 W (HOR);200;117,00;23.400,00;0;0,00;23.400,00;200;0;0,00;200;23.400,00
PREFEITURA MUNICIPAL DE PITANGUEIRAS;3/2026;PREFEITURA MUNICIPAL DE PITANGUEIRAS;19/2026 (Sequencial 1431) - Saldo controlado por: Quantidade;Y P RAIS SUPRIMENTOS  (CNPJ/CPF: 40.648.281/0001-08);16;RICOH MP305+ - RICOH MP305+ (HOR);50;117,00;5.850,00;0;0,00;5.850,00;50;0;0,00;50;5.850,00
PREFEITURA MUNICIPAL DE PITANGUEIRAS;4/2026;PREFEITURA MUNICIPAL DE PITANGUEIRAS;11/2026 (Sequencial 1414) - Saldo controlado por: Quantidade;EDGAR JR. GESTAO E ASSESSORIA ESPORTIVA LTDA  (CNPJ/CPF: 56.689.424/0001-60);2;SERVIÇO DE ARBITRAGEM DO CAMPEONATO MUNICIPAL DE FUTSAL – CATEGORIA DE BASE - SERVIÇO DE ARBITRAGEM DO CAMPEONATO MUNICIPAL DE FUTSAL – CATEGORIA DE BASE (JOG);100;180,00;18.000,00;0;0,00;18.000,00;100;0;0,00;100;18.000,00
PREFEITURA MUNICIPAL DE PITANGUEIRAS;4/2026;PREFEITURA MUNICIPAL DE PITANGUEIRAS;11/2026 (Sequencial 1414) - Saldo controlado por: Quantidade;EDGAR JR. GESTAO E ASSESSORIA ESPORTIVA LTDA  (CNPJ/CPF: 56.689.424/0001-60);3;SERVIÇO DE ARBITRAGEM DO CAMPEONATO MUNICIPAL DE FUTSAL ADULTO E VETERANO - SERVIÇO DE ARBITRAGEM DO CAMPEONATO MUNICIPAL DE FUTSAL ADULTO E VETERANO (JOG);200;270,00;54.000,00;0;0,00;54.000,00;200;0;0,00;200;54.000,00
PREFEITURA MUNICIPAL DE PITANGUEIRAS;4/2026;PREFEITURA MUNICIPAL DE PITANGUEIRAS;11/2026 (Sequencial 1414) - Saldo controlado por: Quantidade;EDGAR JR. GESTAO E ASSESSORIA ESPORTIVA LTDA  (CNPJ/CPF: 56.689.424/0001-60);4;SERVIÇO DE ARBITRAGEM DO CAMPEONATO REGIONAL DE FUTEBOL DE CAMPO - SERVIÇO DE ARBITRAGEM DO CAMPEONATO REGIONAL DE FUTEBOL DE CAMPO (JOG);100;580,00;58.000,00;0;0,00;58.000,00;100;0;0,00;100;58.000,00
PREFEITURA MUNICIPAL DE PITANGUEIRAS;4/2026;PREFEITURA MUNICIPAL DE PITANGUEIRAS;12/2026 (Sequencial 1415) - Saldo controlado por: Quantidade;FENIX DO BRASIL SPORTS LTDA  (CNPJ/CPF: 41.227.145/0001-07);6;SERVIÇO DE ARBITRAGEM DO CAMPEONATO DE FUTEBOL SUÍÇO ADULTO E VETERANO - SERVIÇO DE ARBITRAGEM DO CAMPEONATO DE FUTEBOL SUÍÇO ADULTO E VETERANO (JOG);100;170,00;17.000,00;19;3.230,00;13.770,00;81;0;0,00;100;17.000,00
PREFEITURA MUNICIPAL DE PITANGUEIRAS;4/2026;PREFEITURA MUNICIPAL DE PITANGUEIRAS;13/2026 (Sequencial 1416) - Saldo controlado por: Quantidade;MAURO SERGIO CARVALHO SALOMAO  (CNPJ/CPF: 14.203.316/0001-95);1;SERVIÇO DE ARBITRAGEM DO TORNEIO DE FUTEBOL DE CAMPO TRABALHADOR – 1º DE MAIO - SERVIÇO DE ARBITRAGEM DO TORNEIO DE FUTEBOL DE CAMPO TRABALHADOR – 1º DE MAIO (DIA);2;444,90;889,80;2;889,80;0,00;0;0;0,00;2;889,80
PREFEITURA MUNICIPAL DE PITANGUEIRAS;4/2026;PREFEITURA MUNICIPAL DE PITANGUEIRAS;13/2026 (Sequencial 1416) - Saldo controlado por: Quantidade;MAURO SERGIO CARVALHO SALOMAO  (CNPJ/CPF: 14.203.316/0001-95);5;SERVIÇO DE ARBITRAGEM DE FUTEBOL SUÍÇO, FUTSAL E FUTEBOL DE CAMPO, NO PERÍODO DAS 8-18H - SERVIÇO DE ARBITRAGEM DE FUTEBOL SUÍÇO, FUTSAL E FUTEBOL DE CAMPO, NO PERÍODO DAS 8-18H (DIA);50;348,90;17.445,00;8;2.791,20;14.653,80;42;0;0,00;50;17.445,00
PREFEITURA MUNICIPAL DE PITANGUEIRAS;8/2026;PREFEITURA MUNICIPAL DE PITANGUEIRAS;2/2026 (Sequencial 1406) - Saldo controlado por: Quantidade;EDER SANDRO DE SOUZA  (CNPJ/CPF: 018.931.699-36);1;Imóvel Residencial com área de 450,00 metros quadrados, Lote de Terras no 06, da Quadra 16/17, localizado na Avenida Central, n 409 – Centro, neste Município de Pitangueiras/PR, conforme Matrícula no 15.086 do 1º Ofício de Registro de Imóveis da Comarca de Astorga/PR - Imóvel Residencial com área de 450,00 metros quadrados, Lote de Terras no 06, da Quadra 16/17, localizado na Avenida Central, n 409 – Centro, neste Município de Pitangueiras/PR, conforme Matrícula no 15.086 do 1º Ofício de Registro de Imóveis da Comarca de Astorga/PR (MES);12;1.440,00;17.280,00;12;17.280,00;0,00;0;0;0,00;12;17.280,00
PREFEITURA MUNICIPAL DE PITANGUEIRAS;9/2026;PREFEITURA MUNICIPAL DE PITANGUEIRAS;3/2026 (Sequencial 1410) - Saldo controlado por: Quantidade;PC3 - SOLUCOES SUSTENTAVEIS LTDA  (CNPJ/CPF: 30.261.265/0001-04);1;APOIO TÉCNICO CONTÁBIL, CONFORME TERMO DE REFERÊNCIA. - APOIO TÉCNICO CONTÁBIL, CONFORME TERMO DE REFERÊNCIA. (MES);12;7.500,00;90.000,00;12;90.000,00;0,00;0;0;0,00;12;90.000,00
PREFEITURA MUNICIPAL DE PITANGUEIRAS;10/2026;PREFEITURA MUNICIPAL DE PITANGUEIRAS;4/2026 (Sequencial 1413) - Saldo controlado por: Quantidade;CONSORCIO INTERMUNICIPAL DE SAUDE DO MEDIO PARANAPANEMA  (CNPJ/CPF: 00.445.188/0001-81);1;Celebração de Contrato de Rateio, referente a parcela de contribuição mensal deste Município o CISMEPAR relaivo para ampliação de oferta de serviços ambulatoriais especializados e aquisição de insumos e órteses de saúde. - Celebração de Contrato de Rateio, referente a parcela de contribuição mensal deste Município o CISMEPAR relaivo para ampliação de oferta de serviços ambulatoriais especializados e aquisição de insumos e órteses de saúde. (UND);12;30.666,67;368.000,00;12;368.000,00;0,00;0;0;0,00;12;368.000,00
PREFEITURA MUNICIPAL DE PITANGUEIRAS;12/2026;PREFEITURA MUNICIPAL DE PITANGUEIRAS;7/2026 (Sequencial 1417) - Saldo controlado por: Quantidade;CONSORCIO INTERMUNICIPAL DE SAUDE DO MEDIO PARANAPANEMA  (CNPJ/CPF: 00.445.188/0001-81);1;Celebração de Contrato de Rateio, referente a parcela de contribuição mensal deste Município  para o CONSÓRCIO INTERMUNICIPAL DE SAÚDE DO MÉDIO PARANAPANEMA - CISMEPAR. - Celebração de Contrato de Rateio, referente a parcela de contribuição mensal deste Município  para o CONSÓRCIO INTERMUNICIPAL DE SAÚDE DO MÉDIO PARANAPANEMA - CISMEPAR. (MES);12;5.433,93;65.207,16;12;65.207,16;0,00;0;0;0,00;12;65.207,16
PREFEITURA MUNICIPAL DE PITANGUEIRAS;13/2026;PREFEITURA MUNICIPAL DE PITANGUEIRAS;8/2026 (Sequencial 1418) - Saldo controlado por: Quantidade;CONSORCIO INTERMUNICIPAL DE SAUDE DO MEDIO PARANAPANEMA  (CNPJ/CPF: 00.445.188/0001-81);1;Celebração de Contrato de Rateio, referente a parcela de contribuição mensal deste Município para o CISMEPAR, relativo a prestação de serviços complementares para contratação de pessoas jurídicas que prestem serviços odontológicos especializados ambulatoriais. - Celebração de Contrato de Rateio, referente a parcela de contribuição mensal deste Município para o CISMEPAR, relativo a prestação de serviços complementares para contratação de pessoas jurídicas que prestem serviços odontológicos especializados ambulatoriais. (SV);12;2.500,00;30.000,00;12;30.000,00;0,00;0;0;0,00;12;30.000,00
PREFEITURA MUNICIPAL DE PITANGUEIRAS;14/2026;PREFEITURA MUNICIPAL DE PITANGUEIRAS;9/2026 (Sequencial 1419) - Saldo controlado por: Quantidade;CONSORCIO INTERMUNICIPAL DE SAUDE DO MEDIO PARANAPANEMA  (CNPJ/CPF: 00.445.188/0001-81);1;Repasse de recursos financeiros destinados à realização de transporte sanitário macrorregional de passageiros (pacientes) para Curitiba. - Repasse de recursos financeiros destinados à realização de transporte sanitário macrorregional de passageiros (pacientes) para Curitiba. (MES);12;1.250,00;15.000,00;12;15.000,00;0,00;0;0;0,00;12;15.000,00
PREFEITURA MUNICIPAL DE PITANGUEIRAS;15/2026;PREFEITURA MUNICIPAL DE PITANGUEIRAS;119/2026 (Sequencial 1429) - Saldo controlado por: Quantidade;A. FERREIRA SILVA - SUPERMERCADO LTDA  (CNPJ/CPF: 30.105.291/0001-43);1;Caixa de bombom embalada em plastico transparente com bombons variados, peso liquido 251 gramas, pode conter amendoim, castanha de caju, avela, trigo e cevada. Contém glutem e lactose, validade mínima de seis meses da data de entrega. - Caixa de bombom embalada em plastico transparente com bombons variados, peso liquido 251 gramas, pode conter amendoim, castanha de caju, avela, trigo e cevada. Contém glutem e lactose, validade mínima de seis meses da data de entrega. (UND);2000;13,87;27.740,00;915;12.691,05;15.048,95;1085;0;0,00;2000;27.740,00
PREFEITURA MUNICIPAL DE PITANGUEIRAS;21/2026;PREFEITURA MUNICIPAL DE PITANGUEIRAS;Sem termo (Sequencial 1432) - Saldo controlado por: Quantidade;A. C. SERVIÇOS EDUCACIONAIS E EVENTOS LTDA  (CNPJ/CPF: 51.915.732/0001-42);1;CURSO DE CAPACITAÇÃO SOBRE ATUAÇÃO NOS TRIBUNAIS SUPERIORES - CURSO DE CAPACITAÇÃO SOBRE ATUAÇÃO NOS TRIBUNAIS SUPERIORES (UND);1;2.497,00;2.497,00;1;2.497,00;0,00;0;0;0,00;1;2.497,00
